agency_cd	site_no	parameter_cd	ts_id	month_nu	day_nu	begin_yr	end_yr	count_nu	max_va_yr	max_va	min_va_yr	min_va	mean_va	p05_va	p10_va	p20_va	p25_va	p50_va	p75_va	p80_va	p90_va	p95_va
USGS	09405500	00060	143263	1	1	1989	2018	30	2011	100	1992	36.0	57	38	41	43	44	51	69	77	83	92
USGS	09405500	00060	143263	1	2	1989	2018	30	2011	98.6	1992	33.0	57	37	40	44	46	51	66	70	79	91
USGS	09405500	00060	143263	1	3	1989	2018	30	1997	648	1992	38.0	78	39	40	43	44	53	67	72	112	357
USGS	09405500	00060	143263	1	4	1989	2018	30	1997	124	2000	38.0	59	39	41	43	45	55	66	69	95	115
USGS	09405500	00060	143263	1	5	1989	2018	30	2008	766	2004	33.7	92	36	41	44	46	60	69	70	92	550
USGS	09405500	00060	143263	1	6	1989	2018	30	2008	112	1990	34.0	60	35	43	46	46	57	69	71	92	110
USGS	09405500	00060	143263	1	7	1989	2018	30	1993	176	1990	36.0	61	39	43	46	47	53	67	70	76	133
USGS	09405500	00060	143263	1	8	1989	2018	30	1993	342	1990	39.0	69	41	44	47	48	58	67	70	96	221
USGS	09405500	00060	143263	1	9	1989	2018	30	2005	935	1992	39.0	98	40	44	47	48	58	68	79	99	597
USGS	09405500	00060	143263	1	10	1989	2018	30	2005	2060	1992	41.0	129	42	44	48	49	58	69	72	103	993
USGS	09405500	00060	143263	1	11	1989	2018	30	2005	2820	1991	43.0	155	43	45	48	49	60	65	67	101	1380
USGS	09405500	00060	143263	1	12	1989	2018	30	2005	630	1992	42.0	79	42	43	47	47	59	67	71	96	355
USGS	09405500	00060	143263	1	13	1989	2018	30	2005	305	1992	38.0	69	40	43	47	48	60	67	69	100	216
USGS	09405500	00060	143263	1	14	1989	2018	30	2005	224	1992	35.0	65	38	41	46	47	58	67	68	93	177
USGS	09405500	00060	143263	1	15	1989	2018	30	2005	178	1992	39.0	63	39	40	44	47	55	68	73	90	136
USGS	09405500	00060	143263	1	16	1989	2018	30	1993	189	1992	40.0	65	41	43	46	47	57	70	73	90	170
USGS	09405500	00060	143263	1	17	1989	2018	30	1993	184	2008	38.5	64	39	42	45	48	54	68	72	105	161
USGS	09405500	00060	143263	1	18	1989	2018	30	1993	141	2008	38.4	63	39	41	43	47	55	69	70	112	137
USGS	09405500	00060	143263	1	19	1989	2018	30	2005	127	1991	38.0	62	39	42	47	49	59	68	70	94	113
USGS	09405500	00060	143263	1	20	1989	2018	30	2005	133	1991	37.0	61	37	40	48	51	58	65	70	86	109
USGS	09405500	00060	143263	1	21	1989	2018	30	2005	133	1991	35.0	61	36	38	46	50	59	66	68	86	109
USGS	09405500	00060	143263	1	22	1989	2018	30	2005	127	1991	31.0	59	34	40	47	48	57	66	69	81	107
USGS	09405500	00060	143263	1	23	1989	2018	30	2005	127	1991	28.0	60	34	39	47	50	56	67	72	86	109
USGS	09405500	00060	143263	1	24	1989	2018	30	2009	194	1991	30.0	65	33	41	48	50	60	71	74	82	159
USGS	09405500	00060	143263	1	25	1989	2018	30	2005	133	1991	31.0	63	33	44	48	48	59	70	78	84	126
USGS	09405500	00060	143263	1	26	1989	2018	30	1997	311	1991	31.0	75	35	39	48	51	60	73	81	117	244
USGS	09405500	00060	143263	1	27	1989	2018	30	2005	238	1991	32.0	70	36	42	45	51	59	66	70	132	192
USGS	09405500	00060	143263	1	28	1989	2018	30	2005	152	1991	32.0	63	34	43	48	51	56	67	72	86	133
USGS	09405500	00060	143263	1	29	1989	2018	30	2005	170	1991	32.0	61	36	40	47	48	57	67	70	75	122
USGS	09405500	00060	143263	1	30	1989	2018	30	2005	130	1991	28.0	62	36	45	47	49	58	69	72	84	106
USGS	09405500	00060	143263	1	31	1989	2018	30	2005	116	1991	31.0	64	37	45	48	52	60	72	82	97	108
USGS	09405500	00060	143263	2	1	1989	2018	30	2016	117	1991	36.0	61	38	45	48	49	56	68	70	82	114
USGS	09405500	00060	143263	2	2	1989	2018	30	2005	105	1991	38.0	60	40	46	50	51	56	67	67	79	93
USGS	09405500	00060	143263	2	3	1989	2018	30	2005	101	1990	36.0	60	38	43	52	52	58	67	70	78	93
USGS	09405500	00060	143263	2	4	1989	2018	30	2017	102	1990	37.0	62	39	43	50	52	62	68	70	81	100
USGS	09405500	00060	143263	2	5	1989	2018	30	2005	99.5	1990	42.0	62	43	46	47	50	61	69	72	89	96
USGS	09405500	00060	143263	2	6	1989	2018	30	2005	98.1	2003	38.6	61	40	42	46	50	60	69	71	87	92
USGS	09405500	00060	143263	2	7	1989	2018	30	2010	112	2003	38.1	63	40	44	47	49	61	73	74	101	110
USGS	09405500	00060	143263	2	8	1989	2018	30	1993	229	2003	37.9	71	40	46	49	51	63	76	80	98	166
USGS	09405500	00060	143263	2	9	1989	2018	30	1993	188	2003	38.4	66	40	43	46	51	64	73	76	87	146
USGS	09405500	00060	143263	2	10	1989	2018	30	1999	134	2003	40.7	66	42	44	49	52	62	72	75	110	125
USGS	09405500	00060	143263	2	11	1989	2018	30	2017	687	2002	44.2	87	44	46	50	52	62	71	73	81	434
USGS	09405500	00060	143263	2	12	1989	2018	30	2005	248	2004	41.5	74	45	49	55	56	62	70	74	84	241
USGS	09405500	00060	143263	2	13	1989	2018	30	2017	171	2004	40.2	73	43	47	52	55	64	75	77	132	169
USGS	09405500	00060	143263	2	14	1989	2018	30	1995	665	2004	45.7	89	46	50	56	57	64	75	80	132	383
USGS	09405500	00060	143263	2	15	1989	2018	30	1995	162	1990	39.0	68	43	47	50	52	60	72	73	126	150
USGS	09405500	00060	143263	2	16	1989	2018	30	2005	140	1990	38.0	67	43	49	52	54	61	72	74	98	131
USGS	09405500	00060	143263	2	17	1989	2018	30	1994	183	1990	44.0	72	46	48	52	55	62	74	78	126	174
USGS	09405500	00060	143263	2	18	1989	2018	30	2005	280	2015	46.0	75	47	48	53	54	60	70	73	143	208
USGS	09405500	00060	143263	2	19	1989	2018	30	1993	372	1991	45.0	85	45	46	52	53	61	77	81	188	339
USGS	09405500	00060	143263	2	20	1989	2018	30	1996	406	2018	44.7	89	46	48	51	53	60	80	85	246	337
USGS	09405500	00060	143263	2	21	1989	2018	30	1996	580	2018	42.8	88	45	48	50	53	62	82	96	132	364
USGS	09405500	00060	143263	2	22	1989	2018	30	2005	315	2003	47.3	82	47	48	52	55	61	89	96	154	235
USGS	09405500	00060	143263	2	23	1989	2018	30	2005	213	2003	45.1	76	48	51	54	55	66	84	86	116	178
USGS	09405500	00060	143263	2	24	1989	2018	30	2005	178	2018	45.7	76	47	50	50	52	66	83	98	116	174
USGS	09405500	00060	143263	2	25	1989	2018	30	2005	159	1991	47.0	72	47	50	54	55	64	80	82	101	145
USGS	09405500	00060	143263	2	26	1989	2018	30	2005	149	2002	44.6	71	47	50	54	56	64	76	82	102	133
USGS	09405500	00060	143263	2	27	1989	2018	30	2005	143	2002	46.6	71	48	51	56	58	65	83	85	103	128
USGS	09405500	00060	143263	2	28	1989	2018	30	2006	362	2002	47.4	84	50	55	57	60	68	90	96	127	240
USGS	09405500	00060	143263	2	29	1992	2016	7	2016	89.7	1992	59.0	69			61	62	67	72	79		
USGS	09405500	00060	143263	3	1	1989	2018	30	2006	252	2002	47.1	86	48	54	56	56	67	84	91	211	236
USGS	09405500	00060	143263	3	2	1989	2018	30	1989	228	2002	37.9	85	45	54	60	62	70	87	101	135	216
USGS	09405500	00060	143263	3	3	1989	2018	30	1995	187	2002	40.0	84	47	55	58	61	72	88	92	171	185
USGS	09405500	00060	143263	3	4	1989	2018	30	1995	240	2002	44.1	81	50	58	61	62	72	86	91	122	187
USGS	09405500	00060	143263	3	5	1989	2018	30	1995	737	2018	48.1	99	49	52	59	60	72	89	91	137	421
USGS	09405500	00060	143263	3	6	1989	2018	30	1995	424	2002	50.6	91	51	53	56	61	69	88	95	140	316
USGS	09405500	00060	143263	3	7	1989	2018	30	1995	186	1990	48.0	82	50	54	61	61	67	90	99	142	172
USGS	09405500	00060	143263	3	8	1989	2018	30	2005	176	1990	50.0	82	50	55	59	61	69	99	102	128	163
USGS	09405500	00060	143263	3	9	1989	2018	30	2005	194	2002	43.3	84	48	52	62	63	75	91	100	134	162
USGS	09405500	00060	143263	3	10	1989	2018	30	2005	246	1990	50.0	87	52	54	59	63	76	92	110	144	192
USGS	09405500	00060	143263	3	11	1989	2018	30	1995	751	2002	49.4	110	52	56	60	64	72	91	109	164	492
USGS	09405500	00060	143263	3	12	1989	2018	30	1995	498	1991	49.0	104	50	55	60	63	75	94	133	157	394
USGS	09405500	00060	143263	3	13	1989	2018	30	2005	335	1990	49.0	101	50	55	59	61	78	105	129	175	316
USGS	09405500	00060	143263	3	14	1989	2018	30	2005	283	1990	45.0	100	45	56	64	69	80	97	125	195	265
USGS	09405500	00060	143263	3	15	1989	2018	30	1995	245	2002	41.0	103	45	55	64	67	84	103	124	222	241
USGS	09405500	00060	143263	3	16	1989	2018	30	1995	260	2002	46.4	106	48	53	64	68	86	108	139	221	250
USGS	09405500	00060	143263	3	17	1989	2018	30	1995	282	2002	47.2	108	48	54	65	67	88	113	125	239	279
USGS	09405500	00060	143263	3	18	1989	2018	30	1993	363	2002	45.8	114	49	54	63	68	88	112	132	283	345
USGS	09405500	00060	143263	3	19	1989	2018	30	2017	387	2002	43.2	117	48	52	66	67	89	111	135	294	358
USGS	09405500	00060	143263	3	20	1989	2018	30	2005	410	2002	47.3	123	50	54	65	67	88	113	141	310	402
USGS	09405500	00060	143263	3	21	1989	2018	30	2017	443	2002	48.6	124	52	55	67	73	90	117	160	315	406
USGS	09405500	00060	143263	3	22	1989	2018	30	2017	503	2002	49.2	130	51	55	65	76	99	127	157	318	427
USGS	09405500	00060	143263	3	23	1989	2018	30	2017	457	2002	52.1	144	52	59	63	75	103	154	160	393	437
USGS	09405500	00060	143263	3	24	1989	2018	30	1993	439	2002	52.9	131	53	58	64	72	93	152	181	272	409
USGS	09405500	00060	143263	3	25	1989	2018	30	1993	504	2002	48.8	130	51	59	67	73	93	143	165	305	405
USGS	09405500	00060	143263	3	26	1989	2018	30	1993	614	2002	49.1	131	53	58	70	72	93	149	174	231	442
USGS	09405500	00060	143263	3	27	1989	2018	30	1993	691	2002	48.0	133	52	56	63	69	93	158	165	232	493
USGS	09405500	00060	143263	3	28	1989	2018	30	1993	443	2002	48.7	131	51	59	64	67	95	156	184	272	413
USGS	09405500	00060	143263	3	29	1989	2018	30	2006	671	2002	51.7	137	52	56	66	69	100	154	185	240	498
USGS	09405500	00060	143263	3	30	1989	2018	30	1993	352	2002	50.5	121	52	54	61	64	100	149	163	234	292
USGS	09405500	00060	143263	3	31	1989	2018	30	1993	388	2002	50.9	126	51	56	65	70	110	153	159	244	329
USGS	09405500	00060	143263	4	1	1989	2018	30	1993	459	1990	49.0	131	51	56	68	72	99	153	160	215	395
USGS	09405500	00060	143263	4	2	1989	2018	30	1993	499	1990	48.0	137	49	58	70	71	102	153	165	274	482
USGS	09405500	00060	143263	4	3	1989	2018	30	2011	639	1990	46.0	151	49	56	66	72	107	154	185	400	548
USGS	09405500	00060	143263	4	4	1989	2018	30	1993	498	1990	48.0	145	50	52	65	75	115	160	183	307	483
USGS	09405500	00060	143263	4	5	1989	2018	30	1993	503	1990	50.0	152	50	53	63	74	115	182	213	369	477
USGS	09405500	00060	143263	4	6	1989	2018	30	2011	528	2003	48.6	156	50	51	63	75	114	205	250	302	481
USGS	09405500	00060	143263	4	7	1989	2018	30	2011	406	2003	49.9	160	50	51	75	83	110	213	233	392	401
USGS	09405500	00060	143263	4	8	1989	2018	30	2005	502	2002	46.9	172	47	51	78	89	123	218	258	412	481
USGS	09405500	00060	143263	4	9	1989	2018	30	1993	479	2002	43.9	179	46	50	79	84	123	271	337	374	475
USGS	09405500	00060	143263	4	10	1989	2018	30	1993	519	2002	42.8	170	46	54	69	79	118	264	301	356	434
USGS	09405500	00060	143263	4	11	1989	2018	30	1993	571	2002	42.1	164	46	56	70	77	114	253	263	334	445
USGS	09405500	00060	143263	4	12	1989	2018	30	1993	614	2002	42.3	175	46	56	71	77	118	269	309	364	478
USGS	09405500	00060	143263	4	13	1989	2018	30	1993	487	2002	45.2	184	47	55	72	75	118	255	370	472	485
USGS	09405500	00060	143263	4	14	1989	2018	30	2005	602	2002	43.0	198	46	53	73	80	138	263	341	511	562
USGS	09405500	00060	143263	4	15	1989	2018	30	2005	679	2002	41.5	200	46	53	76	82	136	265	309	499	647
USGS	09405500	00060	143263	4	16	1989	2018	30	2005	776	2002	42.0	197	46	54	72	80	137	241	281	487	646
USGS	09405500	00060	143263	4	17	1989	2018	30	2005	907	2002	41.0	214	46	52	75	83	140	243	294	590	754
USGS	09405500	00060	143263	4	18	1989	2018	30	2005	1070	2002	40.2	233	47	52	73	83	157	289	318	693	907
USGS	09405500	00060	143263	4	19	1989	2018	30	2005	998	2002	40.1	230	45	50	69	79	168	259	306	638	920
USGS	09405500	00060	143263	4	20	1989	2018	30	2011	978	2002	40.4	230	46	54	68	74	167	248	341	618	810
USGS	09405500	00060	143263	4	21	1989	2018	30	2011	1230	2002	41.8	256	45	55	66	76	189	330	402	687	943
USGS	09405500	00060	143263	4	22	1989	2018	30	2011	1050	2002	40.4	251	45	55	66	79	181	367	417	660	894
USGS	09405500	00060	143263	4	23	1989	2018	30	2011	984	2002	38.6	258	43	55	81	85	193	288	450	684	899
USGS	09405500	00060	143263	4	24	1989	2018	30	2005	1320	2002	38.0	275	44	52	74	78	178	289	389	830	1090
USGS	09405500	00060	143263	4	25	1989	2018	30	2005	850	2002	37.7	256	44	56	87	93	172	337	368	762	846
USGS	09405500	00060	143263	4	26	1989	2018	30	1993	898	2002	38.4	261	44	71	91	101	168	371	440	767	866
USGS	09405500	00060	143263	4	27	1989	2018	30	1993	945	2002	46.2	268	47	59	88	100	174	374	477	641	935
USGS	09405500	00060	143263	4	28	1989	2018	30	1993	982	2002	43.8	283	44	58	85	88	192	365	531	739	950
USGS	09405500	00060	143263	4	29	1989	2018	30	1993	969	2002	40.8	282	41	57	78	86	179	400	576	717	912
USGS	09405500	00060	143263	4	30	1989	2018	30	1993	1100	2002	37.0	280	39	54	73	83	176	336	501	742	939
USGS	09405500	00060	143263	5	1	1989	2018	30	1993	1060	2002	36.1	280	41	50	70	81	177	320	518	829	963
USGS	09405500	00060	143263	5	2	1989	2018	30	1995	1060	2002	36.3	294	44	51	67	79	161	370	526	963	1010
USGS	09405500	00060	143263	5	3	1989	2018	30	2005	1120	2002	37.1	297	43	49	64	89	167	321	528	959	1080
USGS	09405500	00060	143263	5	4	1989	2018	30	2005	1310	2002	36.5	313	42	49	67	84	167	393	502	934	1220
USGS	09405500	00060	143263	5	5	1989	2018	30	2005	1720	2002	37.2	315	41	46	66	81	175	399	586	864	1310
USGS	09405500	00060	143263	5	6	1989	2018	30	2005	1460	2002	35.1	298	39	45	66	80	173	394	599	747	1250
USGS	09405500	00060	143263	5	7	1989	2018	30	2011	1200	2002	34.2	277	38	48	64	77	168	402	488	744	1090
USGS	09405500	00060	143263	5	8	1989	2018	30	2011	1220	2002	33.9	282	37	52	64	72	171	379	497	754	1120
USGS	09405500	00060	143263	5	9	1989	2018	30	2011	1470	2002	33.3	296	36	51	63	67	172	343	535	736	1380
USGS	09405500	00060	143263	5	10	1989	2018	30	2005	1410	2002	33.1	294	36	49	62	66	156	376	535	831	1160
USGS	09405500	00060	143263	5	11	1989	2018	30	2005	1030	2002	32.9	270	35	50	58	64	149	315	482	861	946
USGS	09405500	00060	143263	5	12	1989	2018	30	2005	1000	2002	33.3	258	35	51	58	61	136	293	363	809	977
USGS	09405500	00060	143263	5	13	1989	2018	30	2005	1180	2002	31.0	264	34	52	56	63	133	290	351	873	1130
USGS	09405500	00060	143263	5	14	1989	2017	29	2005	1450	2002	29.0	275	39	51	61	69	150	285	357	934	1290
USGS	09405500	00060	143263	5	15	1989	2017	29	2005	1610	2002	28.4	282	38	50	63	69	136	251	431	1020	1330
USGS	09405500	00060	143263	5	16	1989	2017	29	2005	1800	2002	27.9	289	37	50	61	67	140	229	522	941	1420
USGS	09405500	00060	143263	5	17	1989	2017	29	2005	1740	2002	28.0	282	36	49	59	66	145	221	598	765	1430
USGS	09405500	00060	143263	5	18	1989	2017	29	2005	1500	2002	27.7	269	36	45	58	64	126	199	632	803	1230
USGS	09405500	00060	143263	5	19	1989	2017	29	2005	1740	2002	28.8	267	36	45	57	64	118	185	571	772	1300
USGS	09405500	00060	143263	5	20	1989	2017	29	2005	1920	2002	28.1	272	35	43	56	60	116	172	616	819	1390
USGS	09405500	00060	143263	5	21	1989	2017	29	2005	1890	2002	26.9	282	33	41	53	57	112	160	686	871	1480
USGS	09405500	00060	143263	5	22	1989	2017	29	2005	1760	2002	28.0	260	33	41	50	55	107	154	657	798	1310
USGS	09405500	00060	143263	5	23	1989	2017	29	2005	1720	2002	29.0	243	34	41	49	53	103	144	508	732	1250
USGS	09405500	00060	143263	5	24	1989	2017	29	2005	1690	2002	29.6	242	33	41	51	54	102	151	436	719	1250
USGS	09405500	00060	143263	5	25	1989	2017	29	2005	1600	2002	30.7	230	34	42	50	55	108	137	375	678	1170
USGS	09405500	00060	143263	5	26	1989	2017	29	2005	1560	2002	28.9	225	32	41	48	54	106	135	382	659	1170
USGS	09405500	00060	143263	5	27	1989	2017	29	2005	1400	2002	27.8	220	31	40	48	54	98	148	429	623	1130
USGS	09405500	00060	143263	5	28	1989	2017	29	2005	1350	2002	27.0	221	33	43	52	56	97	140	513	627	1160
USGS	09405500	00060	143263	5	29	1989	2017	29	2005	1310	2002	26.1	215	32	43	53	56	92	157	452	654	1120
USGS	09405500	00060	143263	5	30	1989	2017	29	2005	1180	2002	27.3	196	33	40	51	53	90	147	388	676	945
USGS	09405500	00060	143263	5	31	1989	2017	29	2005	1030	2002	26.8	182	32	40	49	50	84	125	366	656	859
USGS	09405500	00060	143263	6	1	1989	2017	29	2005	988	2002	25.9	176	32	40	47	49	83	105	346	635	861
USGS	09405500	00060	143263	6	2	1989	2017	29	2005	977	2002	26.0	171	32	38	46	47	80	117	331	593	857
USGS	09405500	00060	143263	6	3	1989	2017	29	2005	1270	2002	25.7	179	32	37	43	44	75	117	316	562	1030
USGS	09405500	00060	143263	6	4	1989	2017	29	2005	849	2002	26.1	158	31	37	42	43	72	104	290	558	810
USGS	09405500	00060	143263	6	5	1989	2017	29	1995	761	2002	26.3	154	30	35	39	42	70	121	283	585	758
USGS	09405500	00060	143263	6	6	1989	2017	29	2005	748	2002	26.4	153	30	34	37	42	69	133	262	608	716
USGS	09405500	00060	143263	6	7	1989	2017	29	2005	625	2002	25.2	136	30	35	37	41	68	107	239	550	593
USGS	09405500	00060	143263	6	8	1989	2017	29	2005	546	2002	24.6	127	29	35	36	40	66	97	217	501	533
USGS	09405500	00060	143263	6	9	1989	2017	29	2005	499	2002	25.2	120	29	34	38	39	64	93	196	444	490
USGS	09405500	00060	143263	6	10	1989	2017	29	2005	493	2002	24.5	114	29	34	39	39	63	86	181	419	473
USGS	09405500	00060	143263	6	11	1989	2017	29	2005	693	2002	24.4	118	28	33	39	40	60	83	167	425	564
USGS	09405500	00060	143263	6	12	1989	2017	29	2005	664	2002	24.8	116	29	33	38	40	61	83	181	383	557
USGS	09405500	00060	143263	6	13	1989	2017	29	2005	511	2002	24.7	108	29	33	37	39	57	80	169	346	475
USGS	09405500	00060	143263	6	14	1989	2017	29	2005	465	2002	24.4	102	28	33	36	39	59	76	151	321	437
USGS	09405500	00060	143263	6	15	1989	2017	29	2005	440	2002	24.6	96	28	32	36	37	57	76	140	302	404
USGS	09405500	00060	143263	6	16	1989	2017	29	2005	405	2002	24.1	91	28	33	36	37	54	72	130	283	369
USGS	09405500	00060	143263	6	17	1989	2017	29	2005	368	2002	23.5	91	28	32	34	36	53	81	122	265	357
USGS	09405500	00060	143263	6	18	1989	2017	29	1995	338	2002	23.6	86	27	32	36	37	53	72	116	246	338
USGS	09405500	00060	143263	6	19	1989	2017	29	2005	308	2002	23.4	80	27	32	33	36	52	68	109	232	296
USGS	09405500	00060	143263	6	20	1989	2017	29	2005	283	2002	23.3	77	27	31	33	35	52	67	105	225	271
USGS	09405500	00060	143263	6	21	1989	2017	29	2005	266	2002	23.5	74	26	31	32	34	50	65	100	205	255
USGS	09405500	00060	143263	6	22	1989	2017	29	2005	256	2002	23.8	72	26	31	34	35	50	62	96	194	243
USGS	09405500	00060	143263	6	23	1989	2017	29	2005	266	2002	23.6	70	27	30	33	35	48	61	94	182	243
USGS	09405500	00060	143263	6	24	1989	2017	29	2005	243	2002	23.3	68	26	30	33	35	47	60	90	171	227
USGS	09405500	00060	143263	6	25	1989	2017	29	2005	235	2002	22.8	66	26	30	33	35	46	59	87	161	218
USGS	09405500	00060	143263	6	26	1989	2017	29	2005	220	2002	22.5	64	25	30	33	35	44	59	84	150	203
USGS	09405500	00060	143263	6	27	1989	2017	29	2005	197	2002	22.9	61	24	30	33	34	44	59	79	145	188
USGS	09405500	00060	143263	6	28	1989	2017	29	2005	188	2002	22.8	60	24	29	33	34	44	55	76	132	184
USGS	09405500	00060	143263	6	29	1989	2017	29	1995	190	2002	22.4	60	24	30	33	34	44	53	73	132	186
USGS	09405500	00060	143263	6	30	1989	2017	29	1995	239	2002	22.4	61	24	29	33	33	43	54	73	131	203
USGS	09405500	00060	143263	7	1	1989	2017	29	1995	185	2002	22.0	58	24	30	32	33	42	54	71	128	173
USGS	09405500	00060	143263	7	2	1989	2017	29	1995	167	2002	23.1	56	25	30	32	34	40	51	68	122	159
USGS	09405500	00060	143263	7	3	1989	2017	29	1995	160	2002	23.0	56	25	30	32	33	40	60	68	120	152
USGS	09405500	00060	143263	7	4	1989	2017	29	1995	152	2002	22.6	56	25	30	33	34	40	65	71	116	144
USGS	09405500	00060	143263	7	5	1989	2017	29	1995	143	2002	22.7	55	25	30	33	35	43	58	62	122	137
USGS	09405500	00060	143263	7	6	1989	2017	29	1998	143	2002	22.5	56	25	30	34	36	43	59	65	124	139
USGS	09405500	00060	143263	7	7	1989	2017	29	1998	154	2002	22.3	57	25	30	33	35	43	61	70	123	142
USGS	09405500	00060	143263	7	8	1989	2017	29	1995	134	2002	21.9	54	24	29	32	34	42	59	66	113	124
USGS	09405500	00060	143263	7	9	1989	2017	29	1995	134	2002	21.8	55	24	29	32	36	41	62	83	109	124
USGS	09405500	00060	143263	7	10	1989	2017	29	1995	132	2002	22.5	53	24	29	32	34	39	66	75	105	122
USGS	09405500	00060	143263	7	11	1989	2017	29	1995	131	2003	24.5	53	26	30	33	34	39	59	87	107	122
USGS	09405500	00060	143263	7	12	1989	2017	29	1995	137	2003	24.3	53	25	28	33	34	40	63	71	110	124
USGS	09405500	00060	143263	7	13	1989	2017	29	1995	128	2002	24.1	52	24	27	33	35	42	58	64	100	119
USGS	09405500	00060	143263	7	14	1989	2017	29	1995	121	2002	23.4	54	24	27	32	33	45	64	83	101	117
USGS	09405500	00060	143263	7	15	1989	2017	29	1993	108	2003	24.0	52	24	30	33	34	46	61	80	93	105
USGS	09405500	00060	143263	7	16	1989	2017	29	1993	104	2003	25.0	51	27	30	32	34	46	58	63	87	99
USGS	09405500	00060	143263	7	17	1989	2017	29	1995	95.0	2002	27.6	49	28	30	34	35	44	56	64	84	90
USGS	09405500	00060	143263	7	18	1989	2017	29	1995	125	2000	29.0	52	30	31	35	35	44	61	75	83	105
USGS	09405500	00060	143263	7	19	1989	2017	29	1995	98.0	2002	27.0	49	28	32	35	36	41	63	66	76	91
USGS	09405500	00060	143263	7	20	1989	2017	29	1995	92.0	2002	27.2	48	28	31	35	36	42	56	63	80	86
USGS	09405500	00060	143263	7	21	1989	2017	29	1998	106	2002	27.0	50	28	32	34	36	41	58	61	86	99
USGS	09405500	00060	143263	7	22	1989	2017	29	1998	116	2002	24.9	50	26	32	35	36	42	58	59	83	102
USGS	09405500	00060	143263	7	23	1989	2017	29	1998	193	2002	23.7	51	27	32	35	36	42	54	55	81	139
USGS	09405500	00060	143263	7	24	1989	2017	29	1998	230	2002	23.8	54	27	31	35	35	40	59	61	92	161
USGS	09405500	00060	143263	7	25	1989	2017	29	2017	169	2002	25.5	54	28	31	34	36	40	62	64	86	161
USGS	09405500	00060	143263	7	26	1989	2017	29	1998	118	2002	24.9	49	27	32	34	36	41	57	60	83	103
USGS	09405500	00060	143263	7	27	1989	2017	29	1998	174	2002	24.6	56	26	31	34	36	45	64	76	98	137
USGS	09405500	00060	143263	7	28	1989	2017	29	1998	122	2002	23.8	52	26	30	33	35	49	57	62	88	109
USGS	09405500	00060	143263	7	29	1989	2017	29	1998	95.0	2002	23.2	50	25	30	34	35	44	63	71	84	92
USGS	09405500	00060	143263	7	30	1989	2017	29	1995	88.0	2002	23.2	48	25	31	36	38	43	56	59	76	88
USGS	09405500	00060	143263	7	31	1989	2017	29	2006	482	2002	23.0	66	23	31	35	36	41	63	74	86	315
USGS	09405500	00060	143263	8	1	1989	2017	29	2006	112	2002	23.7	53	25	28	35	36	45	67	72	88	105
USGS	09405500	00060	143263	8	2	1989	2017	29	2006	92.2	1994	25.0	51	27	32	35	36	43	70	74	81	91
USGS	09405500	00060	143263	8	3	1989	2017	29	2016	105	1994	25.0	50	25	31	34	34	45	61	72	89	101
USGS	09405500	00060	143263	8	4	1989	2017	29	2005	98.4	1994	24.0	51	24	30	33	37	47	65	72	88	94
USGS	09405500	00060	143263	8	5	1989	2017	29	2005	110	1994	22.0	51	22	30	33	35	48	65	68	75	100
USGS	09405500	00060	143263	8	6	1989	2017	29	2005	104	1994	22.0	49	23	31	33	35	45	61	65	77	94
USGS	09405500	00060	143263	8	7	1989	2017	29	2005	99.6	1994	22.0	49	22	30	33	35	43	64	65	74	89
USGS	09405500	00060	143263	8	8	1989	2017	29	2005	109	2002	22.5	49	23	30	34	35	47	60	63	67	101
USGS	09405500	00060	143263	8	9	1989	2017	29	2005	141	2002	22.7	50	24	29	33	34	44	58	63	70	118
USGS	09405500	00060	143263	8	10	1989	2017	29	1997	372	2002	22.3	67	24	31	33	34	44	64	66	161	301
USGS	09405500	00060	143263	8	11	1989	2017	29	2005	264	2002	22.6	55	24	30	34	34	39	64	65	80	176
USGS	09405500	00060	143263	8	12	1989	2017	29	2005	132	2002	22.4	52	24	29	32	35	42	60	60	109	128
USGS	09405500	00060	143263	8	13	1989	2017	29	2005	175	2002	22.4	49	26	31	34	37	43	54	58	64	137
USGS	09405500	00060	143263	8	14	1989	2017	29	2005	129	2002	22.1	46	25	29	33	36	42	51	53	64	101
USGS	09405500	00060	143263	8	15	1989	2017	29	2005	129	2002	21.9	46	25	29	36	36	42	54	55	65	97
USGS	09405500	00060	143263	8	16	1989	2017	29	1990	128	2002	22.0	49	24	28	33	37	44	54	56	83	119
USGS	09405500	00060	143263	8	17	1989	2017	29	2005	98.6	2002	22.0	49	25	33	36	37	45	53	56	84	93
USGS	09405500	00060	143263	8	18	1989	2017	29	1989	103	2002	22.1	48	24	34	35	36	43	54	57	69	96
USGS	09405500	00060	143263	8	19	1989	2017	29	2010	205	2002	22.3	52	27	32	35	35	42	52	55	88	157
USGS	09405500	00060	143263	8	20	1989	2017	29	1995	127	2002	22.3	47	26	31	34	34	40	52	56	69	111
USGS	09405500	00060	143263	8	21	1989	2017	29	1995	96.0	2002	22.2	46	26	30	31	32	39	52	59	82	91
USGS	09405500	00060	143263	8	22	1989	2017	29	2012	111	2002	22.3	47	25	29	32	32	40	56	57	77	97
USGS	09405500	00060	143263	8	23	1989	2017	29	1992	203	2002	22.2	50	24	28	33	35	39	55	57	82	144
USGS	09405500	00060	143263	8	24	1989	2017	29	1996	100	2002	22.1	47	24	28	34	36	45	54	55	78	90
USGS	09405500	00060	143263	8	25	1989	2017	29	2013	279	2002	22.6	52	24	27	33	34	43	55	58	66	179
USGS	09405500	00060	143263	8	26	1989	2017	29	2014	230	2002	22.4	56	24	26	35	35	48	55	60	77	209
USGS	09405500	00060	143263	8	27	1989	2017	29	2013	157	2002	22.6	56	24	27	34	34	46	62	67	93	153
USGS	09405500	00060	143263	8	28	1989	2017	29	2010	99.2	2002	22.9	47	23	26	32	34	44	57	59	71	86
USGS	09405500	00060	143263	8	29	1989	2017	29	1993	124	2002	23.0	48	23	26	33	35	45	57	59	73	99
USGS	09405500	00060	143263	8	30	1989	2017	29	1999	358	2002	23.6	57	24	26	32	38	43	56	60	78	230
USGS	09405500	00060	143263	8	31	1989	2017	29	1999	109	1989	24.0	51	24	26	34	37	45	62	68	76	101
USGS	09405500	00060	143263	9	1	1989	2017	29	2013	78.3	1989	24.0	46	24	26	32	36	43	57	58	63	72
USGS	09405500	00060	143263	9	2	1989	2017	29	1998	78.0	2002	24.6	45	25	26	32	35	43	55	56	62	72
USGS	09405500	00060	143263	9	3	1989	2017	29	1994	222	1989	25.0	49	25	26	28	33	42	52	56	62	144
USGS	09405500	00060	143263	9	4	1989	2017	29	1997	134	1989	24.0	46	24	25	28	33	43	51	54	65	101
USGS	09405500	00060	143263	9	5	1989	2017	29	1998	142	1989	24.0	46	24	25	31	33	42	54	55	62	105
USGS	09405500	00060	143263	9	6	1989	2017	29	1995	110	1989	24.0	47	26	31	32	33	42	51	54	85	98
USGS	09405500	00060	143263	9	7	1989	2017	29	1991	96.0	1989	25.0	46	26	30	33	35	42	50	57	76	89
USGS	09405500	00060	143263	9	8	1989	2017	29	2014	212	1989	23.0	55	24	30	34	34	43	63	66	86	171
USGS	09405500	00060	143263	9	9	1989	2017	29	2014	828	1989	24.0	78	25	29	32	32	42	56	66	127	501
USGS	09405500	00060	143263	9	10	1989	2017	29	1998	325	1989	25.0	56	27	30	31	32	40	57	68	73	237
USGS	09405500	00060	143263	9	11	1989	2017	29	1998	765	1989	24.0	77	26	30	31	32	41	57	64	188	477
USGS	09405500	00060	143263	9	12	1989	2017	29	1998	337	1989	24.0	57	26	29	31	31	39	57	64	82	246
USGS	09405500	00060	143263	9	13	1989	2017	29	1998	113	1989	25.0	46	26	28	30	30	38	55	63	89	101
USGS	09405500	00060	143263	9	14	1989	2017	29	2015	216	1989	24.0	55	25	28	29	30	38	63	71	112	176
USGS	09405500	00060	143263	9	15	1989	2017	29	1997	613	1989	24.0	73	25	28	29	30	42	64	68	83	454
USGS	09405500	00060	143263	9	16	1989	2017	29	2011	119	1989	24.0	48	25	27	29	30	41	63	64	79	113
USGS	09405500	00060	143263	9	17	1989	2017	29	1993	76.0	1989	25.0	44	26	27	29	31	41	53	58	74	76
USGS	09405500	00060	143263	9	18	1989	2017	29	1998	72.0	1994	27.0	42	27	28	30	30	39	51	54	66	69
USGS	09405500	00060	143263	9	19	1989	2017	29	2004	73.2	1989	26.0	43	27	29	30	31	40	51	54	64	71
USGS	09405500	00060	143263	9	20	1989	2017	29	1998	67.0	1989	25.0	41	27	30	31	31	40	49	50	61	65
USGS	09405500	00060	143263	9	21	1989	2017	29	1998	67.0	1989	27.0	42	28	30	31	31	40	50	52	61	66
USGS	09405500	00060	143263	9	22	1989	2017	29	2016	364	1989	26.0	62	27	29	31	31	41	51	54	66	346
USGS	09405500	00060	143263	9	23	1989	2017	29	2007	133	1989	24.0	45	26	29	31	31	40	50	53	64	106
USGS	09405500	00060	143263	9	24	1989	2017	29	2005	64.4	1989	25.0	41	26	29	30	31	41	50	51	57	64
USGS	09405500	00060	143263	9	25	1989	2017	29	1998	65.0	1989	24.0	41	25	27	30	31	39	49	50	58	64
USGS	09405500	00060	143263	9	26	1989	2017	29	1997	732	1989	24.0	64	25	27	30	30	39	48	50	63	398
USGS	09405500	00060	143263	9	27	1989	2017	29	2014	882	1989	26.0	70	26	27	29	30	39	49	51	64	490
USGS	09405500	00060	143263	9	28	1989	2017	29	2014	121	1989	26.0	44	26	26	32	32	38	50	54	67	97
USGS	09405500	00060	143263	9	29	1989	2017	29	2005	66.5	1989	25.0	43	26	27	33	33	41	53	55	58	64
USGS	09405500	00060	143263	9	30	1989	2017	29	2005	65.2	1989	24.0	42	25	28	33	34	42	51	52	57	64
USGS	09405500	00060	143263	10	1	1989	2018	30	2006	64.3	1990	26.0	42	27	30	31	32	41	49	51	56	63
USGS	09405500	00060	143263	10	2	1989	2018	30	1998	332	1990	25.0	53	27	30	32	33	41	52	57	64	195
USGS	09405500	00060	143263	10	3	1989	2018	30	1998	140	1990	25.0	47	27	30	32	33	42	54	58	64	112
USGS	09405500	00060	143263	10	4	1989	2018	30	2011	71.0	1990	26.0	45	26	30	34	36	41	54	60	63	70
USGS	09405500	00060	143263	10	5	1989	2018	30	2011	337	1992	26.0	57	27	29	34	36	43	55	60	93	208
USGS	09405500	00060	143263	10	6	1989	2018	30	2012	407	1992	26.0	69	28	30	34	35	42	58	63	165	320
USGS	09405500	00060	143263	10	7	1989	2018	30	1994	151	1992	26.0	52	28	30	33	36	41	61	65	104	129
USGS	09405500	00060	143263	10	8	1989	2018	30	2012	83.1	1992	28.0	46	29	30	33	35	40	61	62	72	81
USGS	09405500	00060	143263	10	9	1989	2018	30	2012	83.0	1992	27.0	45	28	30	33	35	39	59	61	67	82
USGS	09405500	00060	143263	10	10	1989	2018	30	2001	90.0	1992	28.0	47	29	30	34	36	39	61	65	77	87
USGS	09405500	00060	143263	10	11	1989	2018	29	1998	88.0	1992	27.0	47	28	29	34	35	39	60	62	76	86
USGS	09405500	00060	143263	10	12	1989	2018	30	1998	90.0	1992	27.0	47	29	30	33	36	41	57	60	75	84
USGS	09405500	00060	143263	10	13	1989	2018	30	1998	85.0	1992	29.0	47	30	31	34	36	41	58	65	76	81
USGS	09405500	00060	143263	10	14	1989	2018	30	2007	163	1992	28.0	51	29	30	35	36	40	61	65	76	118
USGS	09405500	00060	143263	10	15	1989	2018	30	1995	180	1992	29.0	51	29	32	35	35	40	61	67	78	130
USGS	09405500	00060	143263	10	16	1989	2018	30	2006	96.1	1992	28.0	47	29	30	35	37	41	59	64	67	87
USGS	09405500	00060	143263	10	17	1989	2018	30	2007	80.5	1992	28.0	48	29	32	34	36	41	60	66	78	80
USGS	09405500	00060	143263	10	18	1989	2018	30	2006	197	1992	30.0	56	31	32	36	38	40	64	66	79	184
USGS	09405500	00060	143263	10	19	1989	2018	30	2016	249	1992	28.0	59	31	34	37	38	42	64	65	95	209
USGS	09405500	00060	143263	10	20	1989	2018	30	2005	837	1992	29.0	75	31	35	37	38	43	60	63	79	427
USGS	09405500	00060	143263	10	21	1989	2018	30	2005	1350	1992	28.0	92	31	37	38	39	42	61	63	79	652
USGS	09405500	00060	143263	10	22	1989	2018	30	2005	269	1992	31.0	58	33	37	39	40	44	60	64	94	178
USGS	09405500	00060	143263	10	23	1989	2018	30	2005	116	1992	33.0	53	34	37	38	40	43	60	66	86	115
USGS	09405500	00060	143263	10	24	1989	2018	30	2005	97.3	2004	34.1	51	36	38	39	40	44	61	65	70	90
USGS	09405500	00060	143263	10	25	1989	2018	30	1999	287	2004	32.7	58	36	38	40	40	45	60	64	85	178
USGS	09405500	00060	143263	10	26	1989	2018	30	1999	112	2004	32.3	51	34	37	40	40	44	60	63	76	95
USGS	09405500	00060	143263	10	27	1989	2018	30	2005	180	2004	33.4	57	35	38	40	41	45	64	68	90	142
USGS	09405500	00060	143263	10	28	1989	2018	30	2005	206	2004	33.7	57	36	38	40	42	47	61	64	87	145
USGS	09405500	00060	143263	10	29	1989	2018	30	2014	99.9	2004	34.2	54	37	39	40	41	46	62	63	89	98
USGS	09405500	00060	143263	10	30	1989	2018	30	1993	199	2004	33.9	61	35	39	42	42	45	65	72	99	170
USGS	09405500	00060	143263	10	31	1989	2018	30	1993	235	1991	36.0	60	36	37	41	43	46	64	69	86	154
USGS	09405500	00060	143263	11	1	1989	2018	30	2014	86.5	1991	36.0	54	37	40	42	43	46	63	68	82	86
USGS	09405500	00060	143263	11	2	1989	2018	30	2012	88.9	1991	37.0	54	38	41	42	43	47	62	66	82	88
USGS	09405500	00060	143263	11	3	1989	2018	30	2012	96.4	1990	36.0	53	37	40	42	43	49	60	65	72	91
USGS	09405500	00060	143263	11	4	1989	2018	30	2012	101	1990	35.0	53	37	40	43	44	48	61	65	69	92
USGS	09405500	00060	143263	11	5	1989	2018	30	2012	104	1990	38.0	53	39	41	43	44	49	60	65	69	92
USGS	09405500	00060	143263	11	6	1989	2018	30	2012	104	1990	38.0	53	39	40	43	43	47	59	65	68	91
USGS	09405500	00060	143263	11	7	1989	2018	30	2012	106	1990	35.0	53	36	40	44	44	48	60	66	70	93
USGS	09405500	00060	143263	11	8	1989	2018	30	2005	985	1990	36.0	89	37	39	43	44	48	67	72	113	517
USGS	09405500	00060	143263	11	9	1989	2018	30	2005	301	1990	36.0	73	38	41	45	46	50	72	82	108	281
USGS	09405500	00060	143263	11	10	1989	2018	30	2005	177	1990	36.0	62	38	41	44	44	53	67	79	84	143
USGS	09405500	00060	143263	11	11	1989	2018	30	2005	156	1990	36.0	61	38	41	44	45	52	68	71	114	137
USGS	09405500	00060	143263	11	12	1989	2018	30	2005	144	1990	37.0	62	38	40	44	45	55	72	74	116	131
USGS	09405500	00060	143263	11	13	1989	2018	30	2005	121	1990	36.0	60	37	39	45	45	56	68	73	84	120
USGS	09405500	00060	143263	11	14	1989	2018	30	2012	118	1990	34.0	59	37	40	45	46	56	67	71	83	111
USGS	09405500	00060	143263	11	15	1989	2018	30	2012	105	1990	34.0	57	36	42	45	46	54	67	68	81	101
USGS	09405500	00060	143263	11	16	1989	2018	30	2012	109	1990	35.0	58	38	42	45	46	53	67	71	84	101
USGS	09405500	00060	143263	11	17	1989	2018	30	2005	89.7	1990	35.0	55	37	39	43	45	51	67	70	81	89
USGS	09405500	00060	143263	11	18	1989	2018	30	2012	88.3	1990	37.0	56	38	40	44	44	52	66	70	80	88
USGS	09405500	00060	143263	11	19	1989	2018	30	2012	89.8	1990	39.0	55	39	42	43	44	51	66	67	80	87
USGS	09405500	00060	143263	11	20	1989	2018	30	2012	89.3	1990	38.0	57	39	42	44	44	52	67	70	82	89
USGS	09405500	00060	143263	11	21	1989	2018	30	2011	173	1990	37.0	65	40	44	45	45	51	73	82	101	160
USGS	09405500	00060	143263	11	22	1989	2018	30	1997	454	1990	37.0	73	40	42	45	46	51	71	78	107	268
USGS	09405500	00060	143263	11	23	1989	2018	30	1997	113	1992	32.0	58	32	37	44	45	51	69	71	90	107
USGS	09405500	00060	143263	11	24	1989	2018	30	2012	90.4	1990	37.0	56	37	38	43	44	52	69	72	80	90
USGS	09405500	00060	143263	11	25	1989	2018	30	2012	87.9	1990	37.0	56	38	43	44	45	52	65	67	76	85
USGS	09405500	00060	143263	11	26	1989	2018	30	2012	87.4	2002	35.9	57	36	37	45	48	55	67	70	81	86
USGS	09405500	00060	143263	11	27	1989	2018	30	2005	121	1990	36.0	59	37	38	43	43	52	71	74	91	105
USGS	09405500	00060	143263	11	28	1989	2018	30	2005	115	1990	31.0	57	32	36	42	44	52	68	69	82	100
USGS	09405500	00060	143263	11	29	1989	2018	30	2012	88.1	1990	24.0	55	29	36	43	45	52	67	69	82	87
USGS	09405500	00060	143263	11	30	1989	2018	30	2012	86.9	1990	33.0	55	33	35	43	46	49	69	71	79	85
USGS	09405500	00060	143263	12	1	1989	2018	30	2008	151	1992	28.0	58	30	41	46	46	53	69	70	78	116
USGS	09405500	00060	143263	12	2	1989	2018	30	2012	88.2	1992	28.0	55	29	40	45	46	52	68	70	76	84
USGS	09405500	00060	143263	12	3	1989	2018	30	2012	89.0	1990	33.0	55	35	38	43	44	50	70	70	77	85
USGS	09405500	00060	143263	12	4	1989	2018	30	1994	78.0	1990	32.0	54	33	36	40	43	51	65	69	77	78
USGS	09405500	00060	143263	12	5	1989	2018	30	2012	81.3	1990	35.0	54	36	38	41	43	52	62	66	72	79
USGS	09405500	00060	143263	12	6	1989	2018	30	2011	80.8	1990	38.0	55	39	40	44	45	52	66	69	74	80
USGS	09405500	00060	143263	12	7	1989	2018	30	2008	371	1991	37.0	67	38	39	45	46	54	66	70	76	211
USGS	09405500	00060	143263	12	8	1989	2018	30	2008	101	1991	35.0	59	37	40	44	47	54	69	73	90	98
USGS	09405500	00060	143263	12	9	1989	2018	30	2012	83.6	1995	35.0	54	36	37	41	42	52	65	70	73	82
USGS	09405500	00060	143263	12	10	1989	2018	30	1997	276	2004	36.8	60	37	38	41	41	52	63	65	78	171
USGS	09405500	00060	143263	12	11	1989	2018	30	1997	193	1990	38.0	59	39	41	43	46	52	65	65	78	133
USGS	09405500	00060	143263	12	12	1989	2018	30	1994	104	2002	38.9	56	40	40	44	45	51	65	69	78	94
USGS	09405500	00060	143263	12	13	1989	2018	30	2010	111	1990	28.0	57	32	38	44	47	53	66	69	75	101
USGS	09405500	00060	143263	12	14	1989	2018	30	2012	84.5	1990	30.0	55	33	37	43	44	52	65	68	80	84
USGS	09405500	00060	143263	12	15	1989	2018	30	1994	83.0	1990	31.0	52	32	36	38	41	48	64	66	73	83
USGS	09405500	00060	143263	12	16	1989	2018	30	2017	690	2004	33.7	74	36	37	40	42	49	64	66	80	357
USGS	09405500	00060	143263	12	17	1989	2018	30	2017	123	2004	33.9	55	35	39	43	45	50	62	69	76	101
USGS	09405500	00060	143263	12	18	1989	2018	30	2011	187	1991	36.0	59	36	39	43	46	50	66	66	88	137
USGS	09405500	00060	143263	12	19	1989	2018	30	2011	1080	1991	37.0	88	38	39	42	46	50	64	68	78	536
USGS	09405500	00060	143263	12	20	1989	2018	30	2011	2880	1991	37.0	147	38	39	43	44	49	64	67	76	1340
USGS	09405500	00060	143263	12	21	1989	2018	30	2011	3750	1991	37.0	176	38	42	44	45	50	66	66	68	1730
USGS	09405500	00060	143263	12	22	1989	2018	30	2011	1370	1990	36.0	97	37	41	44	46	52	61	63	78	661
USGS	09405500	00060	143263	12	23	1989	2018	30	2011	812	1990	34.0	78	35	40	42	43	51	61	64	72	411
USGS	09405500	00060	143263	12	24	1989	2018	30	2011	387	1990	34.0	66	35	40	43	45	49	61	66	80	251
USGS	09405500	00060	143263	12	25	1989	2018	30	2011	269	1990	36.0	64	36	37	41	45	53	66	71	89	186
USGS	09405500	00060	143263	12	26	1989	2018	30	2011	247	2003	34.3	62	36	39	39	42	53	67	69	79	183
USGS	09405500	00060	143263	12	27	1989	2018	30	2011	182	2003	34.3	56	35	38	39	41	51	65	67	72	126
USGS	09405500	00060	143263	12	28	1989	2018	30	2011	153	2003	36.7	57	37	37	39	43	53	68	71	74	114
USGS	09405500	00060	143263	12	29	1989	2018	30	2005	376	2004	38.4	68	38	39	44	45	53	66	70	87	259
USGS	09405500	00060	143263	12	30	1989	2018	30	2011	126	2015	39.2	60	40	41	45	47	51	68	72	91	120
USGS	09405500	00060	143263	12	31	1989	2018	30	2011	104	1990	40.0	58	40	42	44	45	51	67	75	85	96

